Mauritius,Africa
Italy,Europe
China,Asia
Tajikistan,Asia
Dominica,America
Egypt,Africa
Guatemala,America
Zambia,Africa
Nigeria,Africa
Serbia,Europe
Seychelles,Africa
Sudan,Africa
Mongolia,Asia
Guinea,Africa
Montenegro,Europe
Thailand,Asia
United Arab Emirates,Asia
Malta,Europe
Cyprus,Europe
El Salvador,America
Germany,Europe
Czechia,Europe
Madagascar,Africa
Gambia,Africa
Georgia,Europe
Brazil,America
Libya,Africa
Mozambique,Africa
Chile,America
Gabon,Africa
Honduras,America
Afghanistan,Asia
Turkey,Asia
Jordan,Asia
Belize,America
Uruguay,America
Netherlands,Europe
Saint Vincent and the Grenadines,America
Angola,Africa
Ecuador,America
Jamaica,America
Suriname,America
Eritrea,Africa
Antigua and Barbuda,America
Costa Rica,America
Cuba,America
Sri Lanka,Asia
Haiti,America
Uganda,Africa
Saint Lucia,America
Bosnia and Herzegovina,Europe
Guyana,America
South Africa,Africa
Burkina Faso,Africa
Panama,America
Belgium,Europe
Cambodia,Asia
Andorra,Europe
Pakistan,Asia
Canada,America
Brunei Darussalam,Asia
Mali,Africa
Malaysia,Asia
Australia,Oceania
Norway,Europe
Comoros,Africa
Cameroon,Africa
Philippines,Asia
Togo,Africa
Fiji,Oceania
Rwanda,Africa
Spain,Europe
Greece,Europe
Poland,Europe
Armenia,Europe
Kazakhstan,Asia
Romania,Europe
Papua New Guinea,Oceania
Liechtenstein,Europe
Djibouti,Africa
Kyrgyzstan,Asia
India,Asia
North Macedonia,Europe
New Zealand,Oceania
Saint Kitts and Nevis,America
Qatar,Asia
Algeria,Africa
Mauritania,Africa
United Kingdom,Europe
Namibia,Africa
Ireland,Europe
Lithuania,Europe
Ghana,Africa
Singapore,Asia
Liberia,Africa
Myanmar,Asia
Tunisia,Africa
Albania,Europe
Croatia,Europe
Barbados,America
Botswana,Africa
Colombia,America
Sierra Leone,Africa
Azerbaijan,Europe
Latvia,Europe
Grenada,America
Niger,Africa
Austria,Europe
Iraq,Asia
Oman,Asia
Kuwait,Asia
Luxembourg,Europe
Yemen,Asia
Maldives,Asia
Nepal,Asia
Malawi,Africa
Senegal,Africa
Central African Republic,Africa
Indonesia,Asia
Kenya,Africa
Ethiopia,Africa
Bangladesh,Asia
Japan,Asia
Chad,Africa
Israel,Asia
Bhutan,Asia
Portugal,Europe
Saudi Arabia,Asia
Burundi,Africa
Sao Tome and Principe,Africa
Peru,America
Hungary,Europe
Congo,Africa
Belarus,Europe
Solomon Islands,Oceania
Mexico,America
Slovenia,Europe
Uzbekistan,Asia
Lesotho,Africa
Bulgaria,Europe
Benin,Africa
United States,America
Trinidad and Tobago,America
Argentina,America
Iceland,Europe
Bahamas,America
Sweden,Europe
Equatorial Guinea,Africa
Denmark,Europe
South Sudan,Africa
Finland,Europe
Morocco,Africa
Bahrain,Asia
Lebanon,Asia
Switzerland,Europe
Dominican Republic,America
Nicaragua,America
Estonia,Europe
Ukraine,Europe
Paraguay,America
Zimbabwe,Africa
Slovakia,Europe
France,Europe
Azerbaijan,Asia
Egypt,Asia
Georgia,Asia
Kazakhstan,Europe
Turkey,Europe